{
  "RNN": {
    "BLEU-1": 0.611951897536468,
    "BLEU-2": 0.4642838618398768,
    "BLEU-4": 0.23524549086176527,
    "ROUGE-L": 0.6285198727133051,
    "BERTScore_P": 0.7899531126022339,
    "BERTScore_R": 0.7807974815368652,
    "BERTScore_F1": 0.7844715714454651
  },
  "Transformer": {
    "BLEU-1": 0.5571680822653838,
    "BLEU-2": 0.4111736319663286,
    "BLEU-4": 0.21965478010966655,
    "ROUGE-L": 0.571142797066008,
    "BERTScore_P": 0.7905389070510864,
    "BERTScore_R": 0.7881053686141968,
    "BERTScore_F1": 0.7885334491729736
  }
}